id,name,subject,type,mon_per_1,mon_per_2,mon_per_3,mon_per_4,mon_per_5,mon_per_6,mon_per_7,tue_per_1,tue_per_2,tue_per_3,tue_per_4,tue_per_5,tue_per_6,tue_per_7,wed_per_1,wed_per_2,wed_per_3,wed_per_4,wed_per_5,wed_per_6,wed_per_7,thu_per_1,thu_per_2,thu_per_3,thu_per_4,thu_per_5,thu_per_6,thu_per_7,fri_per_1,fri_per_2,fri_per_3,fri_per_4,fri_per_5,fri_per_6,fri_per_7,sat_per_1,sat_per_2,sat_per_3,sat_per_4,sat_per_5,sat_per_6,sat_per_7
1,John Withcer,1,"TEOR,PRACT",1,1,1,1,1,1,1,1,1,1,1,1,1,1,1,1,1,1,1,1,1,1,1,1,1,1,1,1,1,1,1,1,1,1,1,0,0,0,0,0,0,0
2,Antonino Pizelato,2,"TEOR,PRACT",1,1,1,1,1,1,1,0,0,0,0,0,0,0,1,1,1,1,1,1,1,0,0,0,0,0,0,0,1,1,1,1,1,1,1,0,0,0,0,0,0,0
3,Karlas Nasar,3,"TEOR,PRACT",1,1,1,1,1,1,1,1,1,1,1,1,1,1,1,1,1,1,1,1,1,1,1,1,1,1,1,1,1,1,1,1,1,1,1,1,1,1,1,1,1,1
4,Michael Phelps,4,"TEOR,PRACT",0,0,0,0,0,0,0,1,1,1,1,1,1,1,0,0,0,0,0,0,0,1,1,1,1,1,1,1,0,0,0,0,0,0,0,1,1,1,1,1,1,1
5,Usain Bold,5,"TEOR,PRACT",0,0,0,0,0,0,0,0,0,0,0,0,0,0,0,0,0,0,0,0,0,1,1,1,1,1,1,1,1,1,1,1,1,1,1,1,1,1,1,1,1,1
6,Christopher Newman,6,"TEOR,PRACT",0,0,0,0,0,0,0,0,0,0,0,0,0,0,0,0,0,0,0,0,0,1,1,1,1,1,1,1,1,1,1,1,1,1,1,0,0,0,0,0,0,0
7,Andrew Nigel,7,"TEOR,PRACT",1,1,1,1,1,1,1,1,1,1,1,1,1,1,1,1,1,1,1,1,1,1,1,1,1,1,1,1,1,1,1,1,1,1,1,1,1,1,1,1,1,1
8,Meghan Krueger,8,"TEOR,PRACT",1,1,1,1,1,1,1,1,1,1,1,1,1,1,1,1,1,1,1,1,1,1,1,1,1,1,1,1,1,1,1,1,1,1,1,1,1,1,1,1,1,0
9,Jones Portillo,9,"TEOR,PRACT",1,1,1,1,1,1,1,1,1,1,1,1,1,1,1,1,1,1,1,1,1,1,1,1,1,1,1,1,1,1,1,1,1,1,1,1,1,1,1,1,0,1
10,Nathalie Chavez,10,"TEOR,PRACT",1,1,1,1,1,1,1,1,1,1,1,1,1,1,1,1,1,1,1,1,1,1,1,1,1,1,1,1,1,1,1,1,1,1,1,1,1,1,1,1,0,0
11,Ian Gibbs,11,"TEOR,PRACT",1,1,1,1,1,1,1,1,1,1,1,1,1,1,1,1,1,1,1,1,1,1,1,1,1,1,1,1,1,1,1,1,1,1,1,1,1,1,1,0,1,1
12,Carter Mullen,12,"TEOR,PRACT",1,0,0,1,1,0,0,1,0,0,0,1,1,1,1,0,0,1,1,0,0,0,0,1,0,1,0,0,1,1,1,0,1,0,0,0,1,0,0,1,0,1
13,Shepard Decker,13,"TEOR,PRACT",1,0,0,0,1,1,1,1,0,1,1,0,1,0,0,0,1,0,0,0,0,0,0,1,1,0,0,0,1,1,0,0,0,0,1,0,0,1,0,0,1,1
14,Aleena Petersen,14,"TEOR,PRACT",1,1,0,1,0,1,1,1,1,0,0,0,0,0,0,1,0,0,0,1,0,0,0,0,1,0,0,0,1,1,0,1,1,0,0,0,1,1,0,1,0,1
15,Samson Gross,15,"TEOR,PRACT",1,0,1,0,1,1,0,1,1,1,0,0,0,0,1,0,1,0,0,0,1,0,0,1,1,0,1,0,1,1,1,0,1,0,1,0,0,1,0,1,1,0
16,Angel House,16,"TEOR,PRACT",1,1,1,1,1,1,0,0,0,1,1,0,0,0,0,0,0,0,1,0,1,0,0,1,1,1,1,0,0,1,0,0,1,1,0,1,1,1,0,1,0,0
17,Yehuda Frazier,17,"TEOR,PRACT",1,1,0,0,0,0,0,1,1,0,0,0,1,0,1,1,1,1,1,1,1,1,0,0,0,1,1,0,1,1,1,0,0,1,0,0,0,1,0,0,0,1
18,Octavia Villarreal,18,"TEOR,PRACT",0,0,1,0,0,1,1,0,1,0,0,1,1,1,1,1,1,0,1,1,0,0,0,1,1,0,0,1,0,1,1,1,0,0,1,1,0,0,1,1,1,1
19,Nikolai Carson,19,"TEOR,PRACT",1,1,0,0,1,0,0,0,1,1,1,1,0,0,0,1,0,1,0,1,1,1,0,0,0,0,0,1,1,1,1,1,0,0,0,0,0,1,0,0,1,0
20,Nalani Guevara,20,"TEOR,PRACT",0,0,0,0,1,1,1,1,1,0,1,0,0,1,1,1,0,0,1,1,0,0,1,1,1,0,1,0,0,0,0,1,0,0,0,0,1,1,0,1,1,0
21,Tommy Grant,21,"TEOR,PRACT",1,0,0,1,1,1,0,0,1,1,0,0,1,0,0,1,1,0,0,0,1,0,0,0,1,1,1,0,0,1,0,1,0,0,0,1,0,1,0,1,1,0
22,Alaina Griffin,22,"TEOR,PRACT",0,1,0,1,0,1,0,1,0,1,0,1,0,0,1,1,0,0,1,0,0,1,0,1,1,1,1,0,0,1,0,0,1,0,0,0,0,1,0,1,1,0
23,Ayden Gutierrez,23,"TEOR,PRACT",1,1,0,0,0,0,1,1,0,0,1,1,0,0,0,1,1,1,1,0,1,1,0,1,1,0,0,0,1,1,1,0,0,0,0,1,0,1,1,0,1,1
24,Savannah Guzman,24,"TEOR,PRACT",1,0,1,0,0,0,1,0,0,1,0,0,1,1,1,0,1,1,1,1,0,0,0,1,1,0,0,0,1,0,0,1,1,0,0,1,1,1,1,0,1,0
25,Jude Church,25,"TEOR,PRACT",0,0,1,0,1,1,0,0,1,1,1,0,1,1,0,1,0,0,0,0,1,1,1,0,1,1,1,0,0,1,0,1,1,1,1,1,0,1,1,1,0,0
26,Ayleen Lambert,26,"TEOR,PRACT",1,0,1,1,0,1,0,1,1,0,1,1,0,0,0,0,1,0,1,0,1,0,0,1,1,1,0,1,0,0,0,0,1,0,1,1,0,0,0,0,0,1
27,Mario Espinoza,27,"TEOR,PRACT",1,1,0,0,0,0,1,1,0,1,1,1,0,1,0,0,1,1,0,0,0,0,0,0,1,0,0,1,1,0,1,0,0,0,1,0,1,0,1,0,1,1
28,Lucille Archer,28,"TEOR,PRACT",0,1,1,1,0,1,0,1,0,0,0,0,1,0,1,0,0,0,1,1,1,1,0,0,1,1,1,0,1,1,0,1,0,0,0,0,1,0,1,1,0,1
29,Ephraim Khan,29,"TEOR,PRACT",0,0,0,0,0,1,0,1,0,1,0,0,1,0,0,1,0,0,0,0,0,1,1,0,1,0,0,0,0,0,1,0,1,0,0,1,0,1,0,0,1,0
30,Mabel Walsh,30,"TEOR,PRACT",0,1,0,1,0,0,1,0,1,0,1,0,0,1,0,0,1,1,1,1,0,0,1,1,0,1,1,1,0,0,1,0,0,1,1,1,0,1,0,1,1,1
31,Bodhi Dunn,31,"TEOR,PRACT",0,0,1,1,0,1,1,1,0,1,0,0,1,0,0,0,0,0,0,1,1,0,1,0,0,1,0,0,1,1,1,0,0,0,1,1,0,0,1,1,0,1
32,Olive Mason,32,"TEOR,PRACT",1,1,1,1,0,0,1,0,1,0,0,1,0,0,0,1,1,1,1,1,0,0,0,1,0,0,1,0,0,0,1,1,1,1,1,0,0,0,0,0,1,1
33,Brandon Miles,33,"TEOR,PRACT",0,0,0,0,0,0,1,1,1,1,0,0,0,1,1,0,1,1,1,1,1,0,1,1,1,0,0,1,1,1,1,1,1,0,1,1,0,1,0,1,0,0
34,Alessandra Pace,34,"TEOR,PRACT",0,0,1,1,0,0,1,1,0,0,0,0,1,0,1,0,0,1,0,1,1,0,1,1,1,0,1,1,0,1,1,1,1,0,1,0,1,1,1,1,0,0
35,Dior Clark,35,"TEOR,PRACT",1,1,0,1,0,1,0,0,1,1,0,0,0,1,1,0,1,0,1,1,0,1,1,0,0,1,1,1,0,0,1,1,0,1,0,0,0,0,0,1,0,1
36,Chloe McBride,36,"TEOR,PRACT",1,0,0,1,0,0,1,0,0,1,1,0,0,0,1,1,1,1,0,0,0,1,0,1,0,0,1,0,0,0,0,1,0,0,0,0,1,1,0,1,0,0
37,Denver Arellano,37,"TEOR,PRACT",1,1,1,0,1,0,1,0,1,0,0,0,1,0,0,0,1,1,1,0,1,0,1,1,0,0,0,0,0,0,1,1,0,0,0,0,0,0,0,0,1,0
38,Faye McCarty,38,"TEOR,PRACT",1,0,1,1,1,1,1,1,1,0,0,1,1,0,1,0,1,0,1,1,0,1,1,0,0,0,1,0,1,1,1,1,1,0,1,1,0,0,0,1,0,1
39,Blaise Bates,39,"TEOR,PRACT",1,1,1,0,1,1,0,1,0,0,1,1,0,1,1,1,1,0,1,0,1,1,0,0,1,1,0,0,0,1,0,0,1,0,0,1,1,1,0,1,1,1
40,Madilyn Ramsey,40,"TEOR,PRACT",0,0,0,1,0,0,0,0,1,0,1,1,0,0,0,1,0,0,1,1,0,1,1,1,0,1,0,1,0,1,0,0,1,0,1,0,0,1,0,0,1,1
41,Luciano Harrell,41,"TEOR,PRACT",0,1,0,1,1,1,1,0,0,1,0,1,1,1,1,1,0,1,0,0,0,1,0,0,0,1,0,1,1,0,1,1,1,0,1,0,0,1,0,1,0,0
42,Kara Whitney,42,"TEOR,PRACT",0,0,0,1,0,0,1,1,1,0,1,1,1,0,1,1,0,0,1,1,1,0,0,1,1,1,1,1,0,0,1,0,1,0,0,0,0,1,1,1,1,0
43,Jeffery Roy,43,"TEOR,PRACT",0,1,0,0,0,1,0,0,0,1,1,1,1,0,1,0,0,1,1,1,0,0,1,1,0,0,0,1,0,1,0,1,0,1,1,0,1,0,1,1,1,0
44,Savanna Griffith,44,"TEOR,PRACT",1,1,1,1,0,1,1,1,1,0,0,0,0,1,0,1,0,0,1,0,1,0,0,1,0,1,0,0,1,1,1,1,0,0,0,1,0,1,0,0,1,0
45,Franklin Gray,45,"TEOR,PRACT",1,1,0,0,0,1,0,1,1,1,1,1,1,1,0,1,0,0,1,0,0,0,0,0,1,0,1,1,1,1,0,0,1,0,0,1,0,1,1,1,0,0
46,Sarah Strong,46,"TEOR,PRACT",0,0,1,0,1,0,1,1,1,0,1,1,1,0,0,1,1,1,0,0,1,1,1,0,1,0,1,0,1,0,1,0,1,0,1,1,0,0,1,1,1,0
47,Axl Moyer,47,"TEOR,PRACT",0,1,0,1,0,1,1,1,1,0,1,0,1,0,0,0,1,1,1,0,0,0,0,1,1,1,0,1,0,1,1,0,1,0,0,0,1,1,1,1,0,0
48,Zola Delacruz,48,"TEOR,PRACT",0,0,0,0,1,1,1,1,1,0,1,1,1,0,1,0,0,1,0,0,1,1,0,0,0,1,1,0,0,0,0,1,0,0,0,0,1,1,1,0,1,1
49,Memphis Nash,49,"TEOR,PRACT",0,1,0,0,1,1,0,0,0,1,0,1,1,0,1,0,0,0,0,1,0,0,1,0,0,0,1,1,1,0,1,1,1,0,0,1,1,1,1,1,0,1
50,Novah Wilkerson,50,"TEOR,PRACT",1,0,0,1,1,1,1,0,1,1,0,0,1,1,0,1,1,0,1,0,1,0,0,1,0,1,1,0,1,0,1,0,1,0,1,0,0,0,0,1,1,0
51,Carmelo Lucas,51,"TEOR,PRACT",0,0,1,1,1,1,0,0,1,0,0,1,1,1,1,1,1,1,0,1,1,1,1,1,1,0,1,0,1,0,0,0,0,1,1,1,1,1,1,0,1,1
52,Phoenix Garrison,52,"TEOR,PRACT",1,0,1,0,1,1,0,0,0,1,0,0,1,1,0,0,1,0,1,0,1,1,0,1,1,1,1,0,1,0,1,0,1,0,1,1,1,1,1,0,0,1
53,Noe Kramer,53,"TEOR,PRACT",1,0,0,0,0,0,1,0,1,0,1,0,0,1,0,0,0,1,1,0,0,0,1,1,0,0,0,1,1,0,1,1,0,1,0,1,1,1,1,0,1,0
54,Hanna Welch,54,"TEOR,PRACT",1,0,1,1,0,1,1,0,0,0,1,0,1,0,1,1,1,1,1,0,0,0,0,1,0,1,0,0,0,1,0,1,1,1,0,1,1,0,0,0,1,1
55,Hendrix Massey,55,"TEOR,PRACT",1,1,1,0,0,1,1,1,0,1,0,0,0,1,1,0,0,0,0,1,1,1,0,1,0,0,0,0,1,0,0,1,0,0,1,0,1,0,0,1,0,0
56,Clementine Galvan,56,"TEOR,PRACT",0,0,0,0,0,0,1,0,1,1,0,0,0,1,1,1,0,1,1,0,0,1,0,1,1,0,0,1,0,0,0,0,0,0,0,0,0,0,0,0,1,0
57,Kingsley Mathis,57,"TEOR,PRACT",1,1,1,1,0,0,0,1,1,0,1,1,1,1,1,0,0,0,1,0,0,1,1,1,1,1,0,1,0,0,1,1,0,0,0,1,0,0,0,0,0,0
58,Anne Underwood,58,"TEOR,PRACT",1,1,1,1,1,0,1,0,1,0,0,1,1,1,1,0,1,0,0,0,0,0,0,0,1,1,1,1,0,0,1,1,1,0,1,0,1,0,0,1,1,1
59,Reece Stout,59,"TEOR,PRACT",0,1,0,0,0,0,0,1,0,0,1,1,0,1,0,1,0,1,0,0,1,0,1,0,1,1,0,0,1,0,1,0,1,0,1,1,1,1,1,1,0,1
60,Chana Haynes,60,"TEOR,PRACT",1,1,0,1,0,1,1,1,1,0,0,1,0,1,1,1,0,1,1,0,1,0,0,1,0,1,1,0,1,0,0,1,1,1,0,1,0,1,1,1,0,1
61,Kason Villa,61,"TEOR,PRACT",0,0,1,1,0,1,0,1,0,0,1,1,0,0,1,1,1,0,0,0,1,0,1,1,0,0,1,1,1,0,0,1,0,1,1,0,0,0,0,1,0,1
62,Johanna Todd,62,"TEOR,PRACT",0,0,1,0,1,0,0,0,0,1,1,0,1,1,1,1,1,0,0,1,1,0,1,1,1,1,0,1,1,0,1,0,0,1,0,1,1,0,1,0,0,1
63,Baylor Rowland,63,"TEOR,PRACT",0,1,1,0,0,1,0,0,0,0,0,1,0,0,1,1,1,1,1,1,1,1,0,1,1,1,0,1,0,1,0,0,0,0,0,1,1,0,1,1,0,0
64,Harleigh Noble,64,"TEOR,PRACT",1,0,1,1,0,0,0,1,0,1,0,0,0,0,1,1,1,0,0,1,1,0,1,0,1,0,0,0,0,1,0,1,1,1,1,1,0,1,1,0,1,0
65,Idris Burnett,65,"TEOR,PRACT",0,0,0,0,1,1,1,1,1,0,1,0,1,1,0,1,0,1,0,1,0,0,1,1,0,0,0,0,1,0,1,0,0,0,1,1,0,0,0,1,1,1
66,Emberly Brown,66,"TEOR,PRACT",1,1,1,1,1,1,0,1,1,0,1,1,0,0,1,0,1,1,1,0,0,1,0,1,0,0,1,1,0,1,1,0,0,1,0,1,1,1,0,1,0,1
67,Elijah Lu,67,"TEOR,PRACT",1,0,0,0,1,1,1,0,1,0,0,1,0,0,0,1,1,1,1,1,1,1,0,0,1,1,1,0,0,0,1,1,1,1,1,1,0,0,1,0,0,1
68,Emani Lynch,68,"TEOR,PRACT",1,1,1,0,0,1,1,0,1,1,1,0,1,1,0,0,1,0,0,1,1,1,1,0,1,0,0,1,1,0,1,0,1,1,0,1,0,0,0,0,1,1
69,Zane Kerr,69,"TEOR,PRACT",0,0,0,0,0,0,1,0,0,1,1,1,1,0,1,0,1,0,0,1,0,1,0,0,0,1,1,0,1,1,1,1,1,0,0,0,1,0,0,1,1,1
70,Baylee Diaz,70,"TEOR,PRACT",1,1,0,1,1,0,1,1,1,0,0,1,0,0,0,0,1,0,0,0,0,1,0,0,0,0,0,1,1,1,0,0,0,1,0,0,1,0,1,1,1,0
71,Nathan Correa,71,"TEOR,PRACT",0,0,1,0,1,1,1,0,1,1,0,1,1,0,0,0,0,1,1,0,0,0,1,1,0,1,0,0,1,1,0,1,0,1,0,0,0,0,1,1,0,1
72,Valery Baldwin,72,"TEOR,PRACT",1,1,1,1,1,1,0,0,1,0,0,1,1,0,1,1,0,1,1,0,1,1,1,1,1,1,1,1,1,1,1,0,0,0,0,0,0,0,1,0,0,1
73,Jaiden Mills,73,"TEOR,PRACT",0,1,0,1,1,1,1,1,0,1,1,1,1,1,0,0,0,0,0,0,0,0,0,0,0,0,1,1,0,0,1,0,1,0,1,1,1,1,0,1,1,1
74,June Wade,74,"TEOR,PRACT",1,0,1,0,1,1,0,0,0,1,0,0,0,0,0,0,0,1,0,1,1,0,0,0,1,0,1,0,1,1,1,0,1,0,1,0,0,0,0,0,1,1
75,Jake Vance,75,"TEOR,PRACT",0,1,1,0,1,0,0,1,1,1,1,1,1,1,1,0,0,0,1,1,0,1,1,1,0,1,1,0,0,1,0,1,1,0,0,1,1,0,0,0,0,0
76,Maxine Watts,76,"TEOR,PRACT",1,0,0,0,0,1,1,1,0,0,1,1,0,0,1,1,1,1,1,1,0,1,0,1,0,1,1,0,0,0,1,1,0,1,1,1,1,1,0,1,1,1
77,Dakota Dudley,77,"TEOR,PRACT",1,0,1,0,1,0,0,0,0,1,0,0,0,1,0,1,0,0,1,0,0,1,1,1,1,0,1,0,0,1,1,0,0,1,1,0,0,1,1,1,0,1
78,Hadleigh Chambers,78,"TEOR,PRACT",1,1,1,0,0,1,1,1,0,1,1,0,0,1,0,1,1,1,1,0,0,0,0,0,1,0,0,0,0,1,0,1,0,1,1,0,0,0,1,0,1,0
79,Orion Simon,79,"TEOR,PRACT",1,1,1,0,1,0,1,1,0,1,0,0,0,1,1,1,1,0,1,0,0,0,1,1,1,0,1,1,0,0,0,0,1,0,0,0,1,0,0,1,0,0
80,Kalani Wright,80,"TEOR,PRACT",1,1,1,0,0,0,1,0,1,0,0,1,1,1,1,1,0,1,0,1,0,0,1,0,1,0,1,1,1,0,1,1,0,0,0,1,1,0,1,1,0,1
81,Grayson Cabrera,81,"TEOR,PRACT",0,1,1,0,1,0,1,1,1,0,0,0,0,1,1,1,0,1,1,0,0,1,1,0,0,1,1,0,1,0,0,1,1,0,0,1,0,0,1,0,0,1
82,Daleyza Villegas,82,"TEOR,PRACT",1,0,0,0,0,0,0,0,1,1,0,1,1,0,1,0,0,0,1,0,1,1,1,1,1,1,1,0,1,0,0,1,1,0,1,1,1,1,0,0,1,1
83,Clyde Nash,83,"TEOR,PRACT",0,1,0,0,0,1,1,1,1,1,1,0,1,0,0,0,0,1,0,1,1,0,1,0,0,1,0,0,0,1,1,1,0,1,0,1,0,1,0,1,1,1
84,Novah Cannon,84,"TEOR,PRACT",1,0,0,0,1,1,0,1,1,0,0,1,0,0,0,0,1,1,1,0,0,1,0,0,1,0,0,0,0,1,1,1,1,0,1,1,1,1,0,0,1,0
85,Archie Rhodes,85,"TEOR,PRACT",0,1,0,0,0,0,1,0,1,1,0,1,0,0,0,1,1,0,0,1,0,0,0,1,0,1,1,0,1,0,1,1,1,1,0,1,1,0,1,1,0,0
86,Tatum Dodson,86,"TEOR,PRACT",0,1,1,1,0,1,0,0,0,1,0,0,1,1,1,0,1,1,1,1,1,0,0,0,0,0,0,1,0,0,1,0,0,1,0,0,0,1,1,0,0,0
87,Seven Bush,87,"TEOR,PRACT",0,1,0,1,0,1,1,0,0,0,1,1,0,1,1,1,1,0,0,1,1,0,0,0,0,1,0,0,0,0,1,0,0,1,0,1,0,0,0,1,1,0
88,Everlee Perez,88,"TEOR,PRACT",0,1,1,0,0,1,0,0,0,0,1,0,0,0,1,1,0,1,0,1,0,0,0,1,1,1,0,1,1,1,1,0,0,1,1,0,0,1,0,0,1,1
89,Owen Cortez,89,"TEOR,PRACT",1,0,0,1,1,0,1,0,0,1,0,0,1,0,1,0,0,0,1,0,1,0,1,1,0,1,0,1,1,1,1,1,1,1,1,1,0,1,1,1,1,1
90,Haven Roberson,90,"TEOR,PRACT",0,1,0,1,1,0,0,1,0,0,1,0,0,0,1,0,1,0,0,1,1,0,0,1,1,1,0,0,0,0,1,1,0,0,0,1,0,0,1,1,1,1
91,Shepherd Mathis,91,"TEOR,PRACT",1,0,1,0,1,1,0,0,0,1,0,0,1,1,1,0,1,0,1,0,0,0,1,0,1,0,1,1,1,1,0,0,1,1,1,1,0,0,0,0,1,1
92,Anne Arnold,92,"TEOR,PRACT",1,0,0,0,0,0,1,0,1,1,0,1,0,0,0,1,0,1,0,1,0,0,1,1,1,1,1,1,0,0,1,0,0,0,0,0,0,1,0,0,0,0
93,Abraham Barry,93,"TEOR,PRACT",0,0,1,1,1,1,0,0,0,1,0,1,0,0,0,0,1,1,0,0,0,0,1,1,0,0,1,1,1,1,0,0,0,0,1,1,0,1,0,1,1,1
94,Waverly Lam,94,"TEOR,PRACT",0,0,0,1,1,0,0,1,0,0,1,0,0,1,1,1,1,1,0,1,0,1,1,0,1,1,1,0,1,0,1,1,1,0,0,1,0,0,1,1,0,1
95,Bodie Simon,95,"TEOR,PRACT",1,1,0,0,1,0,0,0,0,0,0,0,1,0,1,0,0,0,1,0,0,1,0,1,1,1,0,0,0,0,1,1,1,0,0,0,0,1,1,1,0,0
96,Kalani Stephens,96,"TEOR,PRACT",0,0,0,0,0,1,1,1,0,0,1,0,1,0,0,0,1,0,0,0,1,1,1,1,0,1,1,1,1,1,0,1,1,1,0,0,0,0,0,0,1,0
97,Messiah Munoz,97,"TEOR,PRACT",0,0,1,1,0,0,0,0,1,1,0,0,1,0,0,1,0,1,0,0,1,1,0,0,0,0,1,1,0,0,1,0,0,0,1,1,1,0,1,1,1,0
98,Kehlani Castro,98,"TEOR,PRACT",1,0,0,0,0,0,1,0,0,0,0,1,1,1,1,0,1,1,0,0,0,0,1,1,0,1,1,0,1,1,1,0,1,1,0,0,1,1,1,1,0,0
99,Jasper Fry,99,"TEOR,PRACT",1,0,1,0,1,1,1,0,1,1,1,0,0,0,1,1,0,1,0,1,1,0,0,0,1,0,1,1,0,1,1,0,0,0,1,0,0,1,1,1,0,0
100,Clarissa Mathis,100,"TEOR,PRACT",1,1,1,1,1,1,1,1,1,1,0,0,1,1,0,0,1,1,0,0,1,1,1,0,1,0,0,1,0,1,0,1,0,1,1,1,0,0,0,1,0,1
101,Gustavo Chang,101,"TEOR,PRACT",0,0,0,0,1,1,0,0,0,1,0,1,0,0,0,1,0,0,0,0,1,1,1,0,1,1,0,1,1,1,1,0,0,0,1,0,1,0,1,1,1,0
102,Ophelia Singleton,102,"TEOR,PRACT",0,1,0,1,0,0,0,0,1,1,1,0,1,0,0,1,1,1,0,1,0,1,0,1,0,0,1,1,1,1,1,0,0,0,0,1,1,0,1,1,1,1
103,Landyn Curry,103,"TEOR,PRACT",1,1,1,0,1,0,1,0,1,1,1,1,0,1,0,1,1,1,0,1,1,0,0,0,0,1,0,1,0,0,0,1,1,0,1,0,0,1,0,1,1,0
104,Alison Friedman,104,"TEOR,PRACT",1,0,0,1,0,0,0,1,0,0,0,1,0,0,0,1,0,1,0,1,1,1,1,1,1,0,0,1,1,0,1,1,0,0,1,1,0,1,0,0,1,0
105,Darwin Crawford,105,"TEOR,PRACT",0,0,1,0,0,1,0,0,0,0,0,0,1,0,0,1,1,0,1,0,1,1,1,1,0,0,1,1,1,0,0,1,0,0,1,0,0,0,1,0,1,0
106,Aubree Daniels,106,"TEOR,PRACT",1,0,0,0,1,0,1,0,0,1,1,0,0,0,1,0,0,1,0,1,0,1,0,0,1,0,0,0,1,1,0,0,0,1,1,1,0,0,1,0,0,1
107,Xander Bennett,107,"TEOR,PRACT",1,0,0,0,0,1,0,0,1,1,1,1,1,1,1,1,0,0,1,0,1,1,0,0,0,1,1,1,1,0,0,0,1,0,0,1,1,0,1,1,1,1
108,Josephine Fuller,108,"TEOR,PRACT",0,0,1,0,1,0,0,0,0,1,1,1,0,0,0,0,1,1,0,1,1,1,0,1,1,0,0,1,0,1,0,0,0,1,1,1,0,0,1,1,0,1
109,Andre McMahon,109,"TEOR,PRACT",0,1,1,0,0,1,1,0,0,0,1,1,0,1,1,0,0,0,1,1,0,1,0,1,1,1,1,1,0,0,0,1,1,0,0,1,1,0,0,0,0,1
110,Belen Patel,110,"TEOR,PRACT",0,1,0,1,0,1,1,0,1,1,1,0,1,1,0,1,1,1,1,1,1,1,0,1,1,1,0,0,0,1,1,1,1,1,0,1,0,0,0,1,0,0
111,Parker Blackburn,111,"TEOR,PRACT",0,1,0,1,1,1,1,1,1,0,0,0,0,0,1,0,0,0,1,1,0,0,1,0,1,1,1,0,0,0,0,1,0,1,1,1,1,0,1,1,0,0
112,Frida Figueroa,112,"TEOR,PRACT",1,1,0,1,1,0,1,1,1,1,1,1,0,0,0,1,1,0,1,0,0,0,0,0,0,0,1,0,1,0,0,0,0,1,0,0,1,1,1,1,0,1
113,Spencer Dodson,113,"TEOR,PRACT",0,0,0,0,0,0,1,0,0,1,0,0,0,1,1,0,1,1,1,0,1,1,1,0,0,0,1,0,1,1,1,1,1,1,0,1,0,0,1,1,0,1
114,Etta Schaefer,114,"TEOR,PRACT",0,0,1,0,1,1,1,1,1,0,1,0,1,1,0,0,1,1,1,1,1,1,1,0,1,1,1,1,1,0,0,1,0,1,0,0,1,1,1,0,0,0
115,Ishaan Novak,115,"TEOR,PRACT",1,0,1,1,1,0,0,0,0,0,1,0,0,0,0,0,1,0,0,1,0,0,1,1,0,1,1,1,0,0,0,1,0,0,1,0,0,1,1,0,1,1
116,Kaiya Salas,116,"TEOR,PRACT",0,0,1,0,0,1,0,1,1,1,1,0,1,0,1,0,0,0,1,0,1,0,1,0,1,0,0,1,0,0,0,0,1,1,0,0,1,0,1,1,1,1
117,Zaiden Bauer,117,"TEOR,PRACT",1,0,1,0,0,0,1,1,0,1,1,0,0,0,1,0,0,1,0,1,1,0,1,1,1,1,0,0,1,0,0,1,0,0,0,1,1,1,0,1,0,1
118,Haley Hodges,1,LAB,1,1,0,1,1,1,1,1,0,0,0,0,0,1,1,0,1,0,0,1,0,0,0,0,1,1,0,0,0,1,0,1,1,1,0,0,1,1,0,1,0,1
119,Alonzo Sandoval,2,LAB,0,0,1,1,0,0,0,1,1,1,1,0,0,1,1,0,1,0,0,1,1,0,1,0,1,0,1,1,1,0,1,1,0,0,0,1,1,1,1,0,0,0
120,Elsie Estes,3,LAB,1,0,0,1,0,1,0,1,1,1,1,1,1,1,0,0,0,1,0,1,1,0,0,0,1,0,0,0,0,0,1,1,0,0,1,1,1,1,1,0,1,1
121,Hakeem Davenport,4,LAB,1,0,1,1,0,0,1,1,1,0,1,0,0,1,0,0,1,1,0,1,1,0,0,0,1,1,1,0,0,1,0,0,0,1,1,1,1,1,1,1,1,1
122,Adrianna Zimmerman,5,LAB,1,1,1,1,1,1,0,0,1,0,1,1,0,0,1,0,0,1,0,0,0,1,0,0,0,0,0,0,0,1,0,0,0,0,1,1,1,1,0,0,1,1
123,Sergio Summers,6,LAB,0,0,1,1,1,0,1,1,0,1,0,1,1,1,1,0,0,0,0,0,0,0,1,1,0,1,1,0,0,0,1,1,0,0,0,1,1,0,0,0,1,0
124,Frankie Tanner,7,LAB,0,0,0,1,1,1,1,0,0,0,0,1,1,0,1,1,0,1,1,0,0,1,0,0,0,0,1,1,1,0,0,1,0,1,0,0,0,0,1,1,0,1
125,Bruno Nicholson,8,LAB,0,1,1,0,0,0,1,0,0,1,1,0,0,1,1,0,0,1,1,0,1,1,1,1,1,0,1,1,1,1,1,1,0,1,0,1,1,1,0,1,0,1
126,Justice Hawkins,9,LAB,1,0,1,0,0,1,0,0,0,0,1,0,0,0,0,1,0,0,1,0,1,1,1,0,1,1,0,0,1,0,0,0,0,1,1,0,0,0,0,0,0,0
127,Victor Harmon,10,LAB,0,0,0,0,1,1,0,1,0,1,1,1,0,0,0,0,0,1,1,0,0,0,0,0,0,0,0,1,1,0,0,1,0,1,1,0,1,1,1,1,1,1
128,Maren Sparks,11,LAB,1,1,0,0,1,1,0,1,1,1,0,1,0,1,1,0,1,0,0,0,0,0,0,0,1,1,1,0,1,0,0,1,1,1,1,1,1,0,1,0,1,1
129,Drake Kemp,12,LAB,1,0,0,0,0,1,0,1,0,1,1,0,0,0,0,1,1,0,0,0,0,0,0,0,1,0,1,1,0,1,0,0,1,0,0,0,1,1,1,1,0,0
130,Anika Peters,13,LAB,1,0,1,1,0,1,0,1,0,1,1,0,0,0,0,1,0,1,1,0,1,0,0,0,1,1,0,1,1,1,1,0,0,0,1,0,0,1,0,1,0,0
131,Patrick Hess,14,LAB,1,1,1,0,1,1,0,1,0,0,1,1,1,0,0,0,0,0,0,1,0,0,1,1,1,0,1,1,1,0,1,0,0,1,0,1,0,0,0,1,0,0
132,Kaliyah Salinas,15,LAB,0,0,0,0,0,1,1,0,0,0,0,0,0,0,1,0,0,0,1,0,0,0,0,1,1,1,1,0,1,0,0,0,1,1,0,1,1,1,1,1,0,0
133,Edgar Benitez,16,LAB,0,0,0,1,1,1,1,0,0,1,1,0,0,0,0,0,1,1,0,0,1,0,1,0,0,0,0,1,1,0,0,0,0,0,0,1,0,0,0,1,1,1
134,Aliza Gillespie,17,LAB,1,0,1,0,1,1,0,0,1,1,0,0,0,1,0,0,0,1,1,0,0,1,0,0,0,0,0,1,1,0,1,1,1,0,0,1,1,1,1,0,0,1
135,Forest Spence,18,LAB,1,1,0,0,1,0,1,1,1,0,1,0,0,1,1,0,0,0,1,0,0,1,1,0,1,1,0,1,1,1,0,1,0,1,1,0,0,1,1,1,0,1
136,Aislinn Flynn,19,LAB,1,0,1,1,1,1,1,0,1,1,1,0,1,1,0,1,1,1,1,0,0,0,0,0,0,0,1,0,0,1,1,0,0,1,0,1,0,0,1,1,0,1
137,Kannon Bryan,20,LAB,0,0,1,1,0,0,1,1,0,0,0,0,0,1,0,1,0,1,1,1,1,1,0,1,1,1,1,0,0,0,0,0,0,1,1,0,0,1,1,1,0,0
138,Meredith Bush,21,LAB,0,1,1,1,0,0,1,0,1,1,1,1,0,0,1,0,1,0,0,0,1,0,0,0,0,0,0,0,0,1,1,1,1,0,1,1,1,1,0,1,1,1
139,Tyson Horn,22,LAB,1,0,0,0,1,1,0,1,1,1,0,1,1,1,0,1,1,1,1,1,0,0,0,1,0,1,1,1,1,1,0,1,1,0,0,1,0,0,0,0,0,0
140,Avah Rodriguez,23,LAB,0,1,1,0,0,1,1,0,0,0,0,1,0,1,1,0,1,1,0,1,1,1,1,0,1,0,1,0,1,0,1,1,0,1,0,1,0,0,1,0,0,1
141,Henry Silva,24,LAB,1,1,0,1,1,0,1,1,1,1,0,1,0,1,0,1,0,1,0,1,0,1,0,0,0,0,0,1,0,1,0,1,0,1,0,1,1,1,1,0,1,0
142,Lucia Medrano,25,LAB,1,0,0,1,0,1,1,1,0,0,0,1,0,1,1,0,1,1,1,0,1,1,1,0,1,1,1,0,1,0,1,0,0,1,1,0,1,1,1,1,1,0
143,Arian Delarosa,26,LAB,0,0,0,0,0,1,0,0,1,0,1,0,0,0,1,0,0,0,0,0,1,1,0,0,1,1,1,0,1,1,1,1,1,0,1,0,1,1,1,1,1,1
144,Iyla Mayo,27,LAB,1,0,1,1,0,0,1,0,0,1,0,0,1,0,1,1,0,1,0,0,1,0,0,0,1,0,0,1,0,1,0,0,1,0,1,0,0,0,0,1,1,1
145,Jericho Freeman,28,LAB,1,0,0,0,1,1,0,0,1,1,1,1,0,1,0,0,1,0,0,0,0,0,0,1,1,1,0,0,0,1,1,1,1,0,0,0,0,0,1,1,0,1
146,Norah Garcia,29,LAB,0,1,1,1,0,0,0,1,1,1,1,1,1,0,1,1,1,1,1,0,1,1,0,1,1,0,0,0,0,1,0,1,0,1,0,0,0,0,1,0,0,0
147,James Bryant,30,LAB,0,1,0,0,1,0,1,0,1,0,0,0,1,1,0,1,0,0,0,1,1,0,1,0,1,0,0,0,0,0,0,0,1,1,0,1,0,0,0,1,0,0
148,Parker Duncan,31,LAB,0,1,1,0,1,0,1,0,1,0,0,1,1,0,1,1,0,0,1,0,0,1,1,1,0,0,0,1,0,1,1,1,1,0,1,1,0,0,1,0,1,0
149,Avery Wong,32,LAB,1,1,1,1,0,1,1,0,1,1,1,0,0,1,0,0,1,1,0,0,0,0,1,0,0,0,0,1,1,0,1,1,1,0,1,1,0,1,1,1,0,0
150,Adelaide Castro,33,LAB,0,1,0,0,1,0,0,0,1,1,0,1,1,1,1,0,0,1,0,0,0,1,1,0,1,0,1,1,0,1,1,1,1,1,0,0,0,1,1,0,1,1
151,Jasper Cline,34,LAB,0,0,1,1,0,1,1,0,1,0,0,1,1,0,0,0,1,1,0,0,1,0,0,1,0,1,1,0,0,0,1,1,1,0,1,1,0,1,1,0,1,0
152,Lina Moreno,35,LAB,0,1,1,1,1,0,0,1,1,1,0,0,0,1,0,1,1,1,1,1,0,1,0,0,1,0,1,0,0,0,1,0,0,1,1,1,0,0,0,0,0,1
153,Myles Cano,36,LAB,0,0,0,0,0,1,0,0,0,0,1,0,1,1,0,1,0,1,0,0,1,0,0,1,0,1,1,1,1,1,0,0,1,1,1,0,1,0,1,1,0,1
154,Egypt Fletcher,37,LAB,0,1,0,0,1,0,1,0,0,1,1,1,1,1,1,1,0,1,1,0,0,1,1,1,1,0,1,1,0,1,0,0,0,0,0,0,1,0,1,1,1,1
155,Jay McLean,38,LAB,1,1,1,1,1,0,0,0,0,0,0,0,0,0,0,1,1,0,1,1,1,0,1,0,1,1,0,1,1,0,0,0,0,1,1,0,1,1,1,1,1,1
156,Sky Kerr,39,LAB,1,0,1,1,0,1,0,0,1,0,1,0,1,1,0,0,0,0,1,0,0,1,1,1,1,1,0,0,1,1,1,1,1,1,0,0,0,1,1,1,1,1
157,Louie Berry,40,LAB,0,1,1,0,1,0,0,1,1,0,1,1,1,1,1,1,1,1,1,1,0,0,1,1,0,0,0,0,1,0,1,1,0,0,1,0,1,0,0,1,1,0
158,Annabelle Davis,41,LAB,0,1,0,1,1,1,1,0,1,1,0,0,1,0,0,0,0,1,0,0,1,1,0,1,1,1,0,0,1,0,1,1,1,0,0,1,0,1,1,1,0,1
159,Lucas Aguirre,42,LAB,1,1,0,0,0,1,1,1,0,1,1,1,1,1,0,1,1,1,1,0,0,0,1,1,0,1,1,0,1,0,1,0,0,0,0,1,0,0,0,1,0,0
160,Ariah Sanford,43,LAB,0,0,0,0,1,0,1,1,1,0,1,1,1,0,1,0,0,0,1,1,1,0,1,0,1,1,1,1,1,0,0,0,0,1,1,0,1,1,0,0,1,1
161,Truett Santos,44,LAB,0,1,0,1,1,1,1,1,0,1,1,1,0,0,0,1,1,0,0,1,0,1,1,0,1,1,1,1,1,1,0,1,0,1,1,0,0,1,0,0,0,0
162,Alana Morton,45,LAB,0,0,0,1,1,1,0,0,0,0,1,0,1,0,1,1,1,0,0,0,1,0,0,0,0,1,1,1,0,1,0,0,0,1,1,1,0,0,0,1,1,1
163,Roland Erickson,46,LAB,0,0,0,1,1,0,1,1,1,1,1,0,0,1,1,1,1,1,0,0,1,1,1,1,0,1,0,0,0,1,0,1,0,1,0,0,1,0,1,0,1,1
164,Sabrina Thompson,47,LAB,0,1,1,1,0,0,1,1,1,0,0,0,0,0,0,0,0,0,1,0,0,0,0,0,1,0,1,1,0,0,0,1,0,0,1,1,1,0,1,0,1,0
165,Theodore Vega,48,LAB,0,0,1,1,1,0,1,0,1,1,0,0,0,0,1,1,1,1,1,1,1,1,0,1,0,0,0,0,1,1,1,1,1,1,0,0,1,0,0,1,1,1
166,Dakota Goodman,49,LAB,1,0,1,1,0,1,0,1,1,0,1,0,0,0,1,1,0,1,1,1,1,1,0,0,1,0,1,1,1,0,0,1,1,0,1,0,0,1,1,0,1,0
167,Philip Glenn,50,LAB,1,0,0,0,0,1,0,0,1,1,1,0,1,0,0,0,0,1,1,1,0,1,1,0,0,1,0,0,1,0,1,0,1,0,1,0,1,0,0,0,1,0
168,Blaire Hart,51,LAB,1,0,1,1,1,0,1,1,0,0,0,1,0,0,1,0,1,0,0,1,1,0,0,0,0,0,1,1,1,0,0,1,0,1,1,0,0,0,0,0,0,1
169,Joel Nguyen,52,LAB,1,1,0,1,1,1,0,0,0,1,1,1,1,0,1,1,1,0,1,0,0,0,0,0,0,0,1,1,0,0,0,0,0,0,0,1,1,1,1,1,1,0
170,Nova Fitzpatrick,53,LAB,1,0,0,1,0,0,0,0,0,1,1,1,1,0,0,1,0,1,0,1,0,0,0,0,0,1,1,0,0,0,0,1,0,0,1,0,1,1,0,0,1,0
171,Blaze Poole,54,LAB,0,1,1,0,1,0,1,0,0,1,0,1,1,1,0,1,0,0,1,0,0,0,1,1,0,1,1,0,1,0,1,0,0,1,1,0,0,1,0,1,1,1
172,Bonnie Peralta,55,LAB,0,1,0,1,1,1,1,1,1,1,0,1,0,1,0,1,1,1,1,1,1,1,1,0,0,0,0,1,1,1,1,0,1,1,1,1,1,1,0,0,1,0
173,Dangelo Andrade,56,LAB,0,0,1,0,0,1,0,1,0,1,1,1,0,0,1,0,0,1,0,0,1,0,0,0,1,1,0,1,1,1,0,1,0,0,1,1,1,0,1,0,1,0
174,Emmy Kim,57,LAB,0,1,0,0,0,0,1,1,1,1,1,0,1,0,1,1,1,0,0,0,1,1,1,1,0,1,1,1,1,1,1,1,1,0,0,1,1,0,1,0,0,1
175,Roman Lyons,58,LAB,0,1,0,1,0,0,0,0,1,1,0,1,0,1,1,0,1,1,1,0,1,1,0,0,0,1,0,0,0,0,1,1,0,0,0,1,0,0,1,1,0,1
176,Kenzie McDowell,59,LAB,1,0,0,0,1,0,0,1,0,0,0,0,1,0,1,1,1,1,1,0,1,0,0,1,0,0,1,0,0,1,0,0,1,0,1,0,0,1,1,1,1,1
177,Lachlan Cortes,60,LAB,1,0,0,1,0,1,0,1,1,1,1,0,0,0,0,1,1,1,1,0,0,1,1,1,1,0,1,1,0,1,0,1,0,0,1,1,1,0,0,1,1,1
178,Lea Jarvis,61,LAB,1,0,0,0,0,1,0,1,1,0,0,1,1,0,0,1,1,0,1,0,1,1,0,0,1,1,1,0,0,0,1,0,0,1,0,1,0,1,1,0,1,1
179,Marlon Gaines,62,LAB,1,1,1,1,0,0,1,0,1,0,0,0,1,0,0,1,1,0,0,0,0,1,1,1,1,0,1,0,0,0,0,0,1,1,0,0,1,0,0,1,1,1
180,Aya Camacho,63,LAB,1,0,1,1,0,1,0,0,1,1,1,0,0,0,1,1,0,1,0,0,0,1,1,0,0,1,0,1,1,1,0,0,0,0,1,0,0,0,0,1,0,1
181,Tatum Butler,64,LAB,1,0,1,1,1,0,1,0,0,0,0,0,1,1,1,1,1,1,0,1,0,0,0,1,1,0,0,0,1,1,0,0,1,1,0,0,1,0,0,0,1,1
182,Athena Klein,65,LAB,0,0,1,0,0,1,1,1,0,0,0,0,1,1,0,0,1,1,1,1,1,1,0,0,0,1,0,1,0,1,0,1,1,0,0,0,1,0,0,1,0,1
183,Marco Skinner,66,LAB,0,0,0,1,0,0,1,0,1,1,0,1,0,1,1,0,0,0,0,0,1,0,0,1,1,1,0,1,0,1,0,1,0,1,0,1,1,1,0,0,0,1
184,Mara Lin,67,LAB,0,0,0,1,0,0,1,1,1,1,1,1,0,0,1,1,1,1,1,0,0,1,0,0,0,0,0,0,0,0,0,1,1,1,1,0,0,1,1,0,0,0
185,Conor Norman,68,LAB,1,0,1,0,0,1,0,0,0,1,1,1,0,1,1,0,1,1,1,0,1,1,1,0,0,0,0,0,1,1,0,0,0,0,1,0,0,0,0,1,0,0
186,Malani Davenport,69,LAB,0,1,1,1,1,1,0,0,0,0,0,0,1,1,1,1,1,0,1,0,1,0,1,0,0,0,0,0,0,1,0,0,0,1,0,0,1,0,0,0,1,0
187,Dariel Myers,70,LAB,1,1,1,0,1,0,1,1,1,0,1,0,1,1,0,1,1,1,1,0,1,0,1,0,1,0,0,1,0,0,0,1,1,0,1,0,1,1,0,1,1,0
188,Lydia Blair,71,LAB,0,1,0,1,0,0,0,0,0,0,1,0,0,1,0,1,1,0,0,1,1,0,0,0,0,0,1,0,0,0,1,1,1,0,1,1,0,1,0,1,1,1
189,Troy Perry,72,LAB,1,0,0,1,1,0,0,0,0,0,0,1,1,0,0,1,1,0,1,1,0,1,0,1,0,1,0,0,1,0,1,1,0,1,0,0,1,1,0,0,1,0
190,Clara Beltran,73,LAB,1,1,0,0,0,0,1,0,0,0,0,0,1,0,0,0,0,0,1,0,0,0,0,0,1,1,1,0,0,1,0,0,0,0,0,0,1,0,0,0,0,1
191,Ricky McMahon,74,LAB,0,1,0,1,1,0,1,0,1,1,1,1,1,0,0,1,1,1,1,0,1,1,1,0,1,0,0,1,1,1,1,0,1,0,1,0,1,0,0,1,0,0
192,Belen Mora,75,LAB,1,0,1,1,1,0,1,0,1,1,1,0,1,1,1,1,0,0,0,1,0,0,0,1,0,1,0,0,1,1,0,0,0,0,1,0,0,1,1,0,1,0
193,Arturo Gross,76,LAB,0,0,1,0,1,0,0,0,0,1,0,0,0,0,0,0,0,1,1,1,0,1,1,1,0,0,1,0,0,1,0,1,0,0,1,0,0,0,0,0,0,0
194,Angel Ballard,77,LAB,1,1,0,0,0,0,1,1,1,0,0,0,0,1,1,0,0,0,0,1,1,1,0,1,0,1,1,1,1,1,0,0,0,0,1,0,0,0,0,1,0,0
195,Kenzo Simpson,78,LAB,0,1,1,0,0,1,1,1,1,1,0,0,0,0,0,1,1,1,1,1,0,0,1,1,1,1,1,0,0,1,1,0,1,1,1,1,0,0,0,1,1,0
196,Anastasia Alvarez,79,LAB,1,0,1,0,0,1,0,0,0,1,1,1,1,0,1,1,1,1,0,1,0,1,0,1,0,0,0,0,1,1,0,1,1,1,0,1,1,1,0,0,0,0
197,Xavier Morton,80,LAB,0,1,0,1,0,0,0,0,0,0,0,1,0,1,1,0,0,0,1,1,0,1,1,1,0,1,1,0,1,0,1,0,0,0,0,1,1,1,1,1,1,1
198,Mallory Olsen,81,LAB,1,1,0,1,0,1,1,0,1,1,1,1,0,1,0,0,1,1,0,0,1,0,1,0,1,1,1,1,1,1,0,1,1,0,1,0,0,1,1,0,1,1
199,Skyler Cameron,82,LAB,1,0,0,0,1,0,1,1,0,0,0,0,1,1,0,0,1,0,1,1,0,0,1,0,1,0,1,0,1,1,1,0,0,1,1,0,1,0,0,1,1,1
200,Julie Nixon,83,LAB,1,1,1,1,1,1,0,0,0,0,1,1,0,1,1,0,1,0,0,1,1,1,1,1,0,0,0,0,1,0,1,1,1,0,1,1,0,0,0,1,0,0
201,Cory Copeland,84,LAB,0,0,0,0,0,1,1,0,0,0,0,1,1,0,1,1,0,1,1,1,1,1,0,0,0,1,1,0,1,0,1,0,1,1,1,0,0,1,0,1,1,0
202,Dayana Morse,85,LAB,0,1,0,1,0,1,1,0,0,0,0,1,1,1,0,1,0,1,0,0,1,0,0,0,1,0,0,0,1,0,1,1,1,0,1,0,0,1,0,0,1,0
203,Bode Pham,86,LAB,1,0,0,0,0,0,0,1,0,1,1,1,1,1,1,0,0,0,1,1,0,0,0,0,0,1,1,1,0,1,0,1,1,0,0,1,0,0,0,0,0,0
204,Raelyn Robinson,87,LAB,1,0,1,1,0,0,1,1,0,0,1,1,0,0,0,0,0,1,1,0,0,0,0,0,1,1,0,1,1,1,1,0,0,1,0,1,0,0,0,0,1,0
205,Matthew Corona,88,LAB,0,1,0,0,0,1,1,1,1,0,0,1,1,0,1,0,1,1,1,1,1,1,0,0,1,0,0,1,1,0,1,0,0,1,0,1,1,0,0,0,0,1
206,Marianna Lucas,89,LAB,0,1,1,0,0,0,1,1,0,0,1,1,0,0,1,1,0,0,1,0,0,1,1,1,1,1,1,0,0,0,1,0,1,0,1,1,0,0,1,0,0,0
207,Chance Villa,90,LAB,0,1,0,0,1,0,1,1,0,0,1,1,1,1,1,0,1,0,0,0,1,0,0,1,0,0,0,0,0,0,1,1,1,0,1,0,0,0,0,1,0,1
208,Johanna Gibbs,91,LAB,1,0,0,1,1,1,0,1,1,0,0,1,1,0,0,1,0,0,1,0,1,0,1,0,0,1,1,0,0,1,1,1,1,1,0,1,0,0,0,1,1,1
209,Deacon Choi,92,LAB,1,1,1,1,0,1,1,0,0,0,1,1,0,0,0,0,1,0,1,0,0,0,0,1,0,1,1,0,0,0,1,0,0,1,0,1,0,0,0,0,0,0
210,Karla Woods,93,LAB,0,0,0,1,0,0,0,1,0,0,0,0,0,0,0,0,0,0,1,0,0,0,1,0,0,1,1,1,0,1,0,0,1,1,1,0,0,1,0,1,0,0
211,Zion Rios,94,LAB,0,0,0,1,1,0,1,1,1,1,0,0,1,1,1,1,1,1,1,1,0,1,0,1,1,1,1,0,1,0,0,1,0,1,1,0,1,1,0,1,1,1
212,Brooke Li,95,LAB,1,1,0,0,0,1,0,1,1,1,1,1,1,1,1,0,0,0,1,0,0,0,1,1,0,0,0,1,0,0,1,1,0,0,0,1,1,0,1,0,0,0
213,Jorge Duarte,96,LAB,1,1,0,0,1,1,1,1,0,0,0,0,1,0,1,0,0,0,1,1,0,1,1,1,1,1,1,1,1,1,0,1,0,0,0,0,1,0,1,0,1,1
214,Kynlee Herman,97,LAB,1,0,1,1,0,1,1,0,1,0,0,0,1,1,1,1,0,1,0,0,1,0,0,1,1,1,1,1,1,1,1,0,0,1,1,0,0,1,0,0,1,0
215,Juelz Crawford,98,LAB,1,0,0,1,0,1,1,0,0,0,1,1,1,1,0,1,1,0,1,0,1,0,1,1,0,1,0,0,1,0,0,1,0,1,1,1,0,1,0,0,0,1
216,Aubree Davila,99,LAB,1,0,1,0,1,0,0,0,1,0,1,1,0,0,1,1,1,1,1,0,0,0,1,0,1,0,0,0,1,0,0,0,0,1,0,0,0,0,0,1,1,0
217,Grey Henderson,100,LAB,1,0,1,0,1,0,0,0,0,0,1,1,1,0,1,1,1,0,0,1,0,1,1,0,0,1,1,0,1,0,0,0,0,1,0,1,1,0,1,0,0,0
218,Maria Mills,101,LAB,1,0,1,0,0,0,0,0,1,0,1,0,1,1,1,1,1,1,0,0,1,1,1,1,1,1,0,1,1,0,1,1,1,1,0,1,1,1,0,0,0,0
219,Alex Faulkner,102,LAB,1,0,0,0,0,1,0,1,1,0,1,0,0,1,0,0,0,0,1,0,0,1,0,1,1,0,1,0,0,1,0,1,1,1,0,1,0,0,0,0,1,0
220,Ansley Spears,103,LAB,1,1,1,1,0,1,0,1,1,0,0,0,0,1,0,1,1,1,1,0,1,1,0,1,0,0,1,1,1,0,0,0,1,1,0,0,1,1,0,1,0,1
221,Ameer Tyler,104,LAB,0,1,0,1,1,1,1,0,0,0,0,0,1,0,0,1,1,0,0,0,1,0,1,1,0,0,1,0,0,0,1,0,1,1,0,1,1,0,0,0,0,1
222,Helena Juarez,105,LAB,1,1,0,0,0,1,0,0,1,1,0,1,1,0,0,0,1,1,1,0,1,1,0,0,0,1,0,0,0,0,0,0,0,0,0,0,1,0,0,1,0,0
223,Joaquin Miller,106,LAB,1,1,0,0,1,0,1,0,0,0,0,0,1,0,1,0,1,0,1,0,0,1,1,0,0,0,1,0,0,0,0,0,1,1,0,0,0,0,0,0,1,1
224,Isabella Cox,107,LAB,0,0,0,1,0,0,0,0,1,0,1,0,0,1,0,1,1,0,1,1,1,1,0,1,0,0,1,0,1,1,1,1,1,0,1,0,0,1,1,0,1,1
225,Connor Hobbs,108,LAB,1,1,1,0,1,1,1,0,0,1,1,0,1,1,1,1,1,1,1,1,1,0,1,1,0,0,0,1,1,1,0,0,1,0,0,1,0,1,1,1,1,1
226,Lacey Copeland,109,LAB,1,0,1,1,1,1,1,1,0,1,1,1,0,1,0,1,0,0,0,1,0,0,1,1,0,0,1,0,0,0,1,0,0,1,0,0,0,0,0,0,1,1
227,Axton Ventura,110,LAB,1,1,0,1,0,0,0,1,1,0,1,0,0,0,0,0,1,1,1,0,0,1,1,1,1,0,0,1,0,1,1,1,1,0,1,0,1,1,1,0,1,0
228,Plămădeală Maxim,111,LAB,0,0,1,1,0,1,0,0,0,0,0,0,1,1,1,1,0,0,0,0,0,0,1,0,1,0,0,0,1,0,0,1,1,0,1,0,1,0,1,0,1,0
229,Balamatiuc Eduard,112,LAB,1,1,0,1,0,1,0,1,1,0,0,1,0,1,1,1,0,0,0,0,0,0,1,1,0,0,0,0,1,1,0,1,1,0,0,1,0,0,1,1,1,1
230,Negai Marin,113,LAB,0,0,0,0,0,1,0,0,0,1,0,1,0,0,1,1,1,1,1,1,0,1,1,0,1,0,0,0,1,1,0,0,0,1,1,0,0,0,1,0,1,1
231,Luke Nava,114,LAB,0,1,0,0,0,1,1,0,1,0,1,1,0,0,1,1,0,1,1,0,0,0,1,0,0,1,1,0,0,1,1,0,0,0,1,1,1,1,1,1,0,1
232,Scout Carter,115,LAB,1,1,0,1,0,1,1,0,0,1,0,0,0,0,1,0,0,1,0,1,1,0,0,1,0,1,1,1,0,1,1,0,1,1,0,0,0,0,1,0,1,1
233,Maverick Salas,116,LAB,1,0,1,1,1,1,0,1,1,1,1,0,0,0,1,0,0,0,1,1,1,1,1,0,0,1,0,1,0,1,1,0,0,1,1,1,0,1,1,0,0,0
234,Amber Brooks,117,LAB,1,0,1,0,0,1,1,0,0,1,1,1,0,1,0,0,0,1,1,1,0,1,0,0,1,0,1,1,0,0,1,1,0,1,1,1,1,0,1,0,0,1